timestamp,api-status,web-status,api-latency,web-latency
1687941328,200,200,0.255175,0.837070
1687941838,200,200,0.353228,0.919907
1687942289,200,200,0.402896,2.862285
1687942660,200,200,0.259163,0.737210
1687942726,200,200,0.247078,0.575106
1687943081,502,502,0.363853,0.240501
1687943304,502,502,0.354354,0.269955
1687944226,502,502,0.321703,0.238355
1687944704,502,502,0.235776,0.220194
1687945152,502,502,0.247193,0.246204
1687945606,502,502,0.146464,0.251301
1687946057,502,502,0.225872,0.299626
1687946906,200,200,0.352783,0.750314
1687948183,200,200,0.393295,0.924760
1687948857,200,200,0.215453,0.531450
1687948924,200,200,0.244627,0.690184
1687949031,200,200,0.364374,0.969130
1687949123,200,200,0.151680,0.856695
1687949548,200,200,0.159613,0.612470
1687950583,502,502,0.257272,0.314239
1687951369,502,502,0.239880,0.249310
1687952067,502,502,0.154849,0.241240
1687952757,200,200,0.148916,0.536810
1687953436,200,200,0.142744,0.632493
1687956286,200,200,0.240639,0.496493
1687957994,200,200,0.285923,0.915145
1687959242,200,200,0.396385,0.962709
1687959920,200,200,0.259793,0.549736
1687960599,200,200,0.314822,0.724571
1687961902,200,200,0.317419,0.823719
1687962738,200,200,0.508054,1.255922
1687963419,200,200,0.561189,1.114973
1687964093,200,200,0.261439,0.610314
1687965401,200,200,0.127100,1.140829
1687966219,200,200,0.415384,1.155879
1687966906,200,200,0.376017,0.877638
1687967586,200,200,0.320050,0.871823
1687968983,200,200,0.269268,1.132343
1687970366,200,200,0.146189,0.739883
1687971049,200,200,0.243592,0.607786
1687972050,200,200,0.286551,0.852845
1687973231,200,200,0.148910,0.684769
1687973918,200,200,0.305334,0.959638
1687974608,200,200,0.408808,1.075313
1687975742,200,200,0.262875,0.714035
1687977054,200,200,0.142845,0.696607
1687977810,200,200,0.284356,0.966914
1687978487,200,200,0.240273,0.705570
1687979552,200,200,0.303801,0.639155
1687980249,200,200,0.374246,1.190625
1687980932,200,200,0.396410,0.856712
1687981614,200,200,0.572568,1.064881
1687982295,200,200,0.476670,1.005488
1687983693,200,200,0.252245,0.725666
1687984422,200,200,0.304861,0.763743
1687985104,200,200,3.857306,2.105754
1687985778,200,200,0.285332,0.695586
1687986973,200,200,0.527596,1.262418
1687987659,200,200,0.408317,1.034093
1687988338,200,200,0.380496,0.943341
1687989015,200,502,0.154192,0.312337
1687990023,200,502,0.327263,0.273359
1687991309,200,200,0.308927,0.707107
1687992005,200,200,0.307192,0.898204
1687992694,502,502,0.235812,0.233119
1687993779,200,200,0.276435,0.860339
1687994780,200,200,0.298310,0.741319
1687995497,200,200,0.300238,0.841722
1687996176,200,200,0.264558,0.756759
1687999038,200,200,0.236440,0.758354
1688004882,200,200,0.147396,0.596584
1688007794,200,200,0.291911,0.796625
1688009444,200,200,0.245132,0.645450
1688010221,200,200,0.291901,1.198346
1688010905,200,200,0.317694,0.866849
1688012406,200,200,0.252225,0.841422
1688013421,200,200,0.506372,1.101407
1688014104,200,200,0.237787,0.536233
1688014784,200,200,0.300195,0.863927
1688016155,200,200,0.502831,0.861708
1688016953,200,200,0.302068,0.924689
1688017632,200,200,0.104726,0.472567
1688018318,200,200,0.401548,1.119701
1688020080,200,200,0.403971,0.898092
1688021001,200,200,0.254282,0.909772
1688021683,200,200,0.222555,1.048544
1688022883,200,200,0.150882,0.684214
1688023594,200,502,0.270335,0.242926
1688024279,200,200,0.264977,0.767355
1688024963,200,200,0.380723,1.028423
1688026080,200,200,0.283161,1.019576
1688027489,200,504,0.238693,30.227190
1688028233,200,200,0.119080,0.787672
1688028909,200,200,0.131067,0.535076
1688030211,200,200,0.408476,0.813419
1688030941,200,200,0.147651,0.543457
1688031639,200,200,0.540975,1.131347
1688032317,200,200,0.451838,1.121415
1688033486,200,200,0.215415,0.522286
1688034758,200,200,0.259024,0.658756
1688035438,200,200,0.157363,0.551068
1688036119,200,200,0.398162,1.055257
1688037208,200,200,0.268894,0.935659
1688037893,200,200,0.126249,1.254603
1688038595,200,200,0.534359,1.036719
1688039271,200,200,0.230037,0.582384
1688039958,200,200,0.153267,0.549169
1688042549,200,200,0.561685,1.128436
1688044213,200,200,0.321576,1.036840
1688045592,200,200,0.375427,0.945787
1688046280,200,200,0.220539,0.656537
1688046962,200,200,0.285366,0.792473
1688048165,200,200,0.416882,1.554505
1688048961,200,200,0.318689,0.973484
1688049654,200,200,0.377662,0.875180
1688050340,200,200,0.331191,0.976096
1688051464,200,200,0.133729,0.638770
1688052430,200,200,0.154863,0.647383
1688053115,200,200,0.240878,0.496943
1688053814,200,200,0.290990,0.867592
1688054916,200,200,0.486875,1.183288
1688056363,200,200,0.384045,0.851261
1688057138,200,200,0.244673,0.579932
1688057824,502,200,0.350207,0.238839
1688059069,200,200,0.439791,0.932851
1688059831,200,200,0.187162,0.645686
1688062765,200,200,0.547969,1.128234
1688062814,200,200,0.236241,0.649019
1688063828,200,200,0.240222,0.744103
1688064516,200,200,4.485308,2.252101
1688065206,502,200,0.395931,5.302221
1688066206,200,200,0.351688,1.032480
1688066891,200,200,0.316858,0.726930
1688067582,200,200,9.794221,3.429372
1688068259,200,200,0.310908,0.643209
1688069330,200,200,0.391830,1.029256
1688070340,200,200,0.401674,1.109436
1688071027,200,200,0.390066,0.798514
1688071708,200,200,0.230377,0.622354
1688072387,200,200,0.377093,0.990815
1688073494,200,200,0.402318,1.108571
1688074172,200,200,0.502655,1.050326
1688074858,502,200,0.413595,0.313754
1688075543,200,200,0.357053,0.707874
1688076614,200,200,0.411158,1.365169
1688077714,200,200,0.508658,1.130238
1688078385,200,200,0.313166,0.607292
1688079067,200,200,0.278956,0.842308
1688080141,200,200,0.150563,0.689658
1688081110,200,200,0.253874,0.629477
1688081811,200,200,0.381144,0.798598
1688082502,200,200,0.521299,1.113786
1688083185,200,200,0.395225,0.866749
1688090122,200,200,0.481111,1.108364
1688093521,200,200,0.388788,0.874824
1688094947,200,200,0.156990,0.807311
1688095916,200,200,0.512218,1.070392
1688096611,200,200,0.354425,1.093529
1688097297,200,200,0.390157,1.093643
1688098753,200,200,0.148015,0.556904
1688099688,200,200,0.261746,0.600206
1688100375,200,200,0.265568,0.599783
1688101053,200,200,0.364080,0.814685
1688102409,200,200,0.315200,0.630314
1688103168,200,200,0.153336,0.522175
1688103845,200,200,0.611597,1.053903
1688104531,200,200,0.383020,0.992874
1688106150,200,200,0.322009,0.689341
1688107094,200,200,0.281677,0.853709
1688107773,200,200,0.379151,1.051933
1688108620,200,200,0.238692,1.096173
1688109636,200,200,0.291859,0.944322
1688110342,200,200,0.447065,1.084076
1688111026,200,200,0.363159,1.044923
1688111702,200,200,0.529996,1.139903
1688113190,200,200,0.333507,0.805182
1688114085,200,200,0.385491,0.911045
1688114778,200,200,0.386815,0.974243
1688115461,200,200,0.240684,0.729009
1688116763,200,200,0.317783,1.039104
1688117438,200,200,0.298356,0.664205
1688118118,200,200,0.531679,1.211842
1688118806,200,200,0.237834,0.721402
1688120044,200,200,0.387837,1.058609
1688121135,200,200,0.260987,0.720780
1688121820,200,200,0.258315,0.556323
1688122506,200,200,0.264494,0.737701
1688123607,200,200,0.504978,1.270957
1688124284,200,200,0.424057,0.900036
1688124983,200,200,0.301529,0.694290
1688125667,200,200,0.314482,0.560434
1688126342,200,200,0.237537,0.818004
1688128854,200,200,0.392883,1.339543
1688130250,200,200,0.368520,1.291406
1688131716,200,200,0.300439,0.866746
1688132367,200,200,0.498787,1.134887
1688133054,200,200,0.457814,1.049403
1688134059,200,200,0.523158,1.128240
1688135205,200,200,0.405480,0.837121
1688135891,200,200,0.418645,0.881916
1688136569,200,200,0.140430,0.602204
1688137423,200,200,0.327230,0.900828
1688138591,200,200,0.344272,0.621381
1688139290,200,200,0.255978,0.576971
1688139972,200,200,0.329368,0.997550
1688140649,200,200,0.381919,0.945368
1688142368,200,200,0.409902,0.812857
1688143368,200,200,0.298357,0.876264
1688144055,200,200,0.317520,0.915717
1688145182,200,200,0.236395,0.561240
1688146127,200,200,0.313794,0.930985
1688146815,200,200,0.146676,0.628486
1688147493,200,200,0.216982,0.559735
1688148720,200,200,0.145547,0.684634
1688149901,200,200,0.412014,1.107256
1688150567,200,200,0.414614,1.104787
1688151248,200,200,0.647074,0.980391
1688152283,200,200,0.405578,0.778122
1688152963,200,200,0.261565,0.818782
1688153664,200,200,0.329445,1.136821
1688154350,200,200,0.289385,0.980972
1688155038,200,200,0.351510,0.954454
1688156430,200,200,0.288936,0.603742
1688157129,200,200,0.312794,0.619736
1688157819,200,200,0.544514,1.222612
1688158503,200,200,0.153704,0.830285
1688159614,200,200,0.379917,0.861150
1688160304,200,200,0.330182,0.841180
1688161017,200,200,0.414035,0.993483
1688161681,200,200,0.389598,1.007430
1688162363,200,200,0.350503,1.069910
1688163680,200,200,0.286853,0.876640
1688164452,200,200,0.254326,0.710305
1688165138,200,200,0.479625,1.021356
1688165823,200,200,0.322013,1.280828
1688167157,200,200,0.299411,0.920266
1688167846,200,200,0.277696,1.052258
1688168528,200,200,0.333196,0.530632
1688169217,200,200,0.261603,0.748451
1688174812,200,200,0.230921,0.696994
1688180253,200,200,0.258231,0.515228
1688182413,200,200,0.294991,0.653111
1688183234,200,200,0.154631,0.739909
1688183913,200,200,0.154395,0.592825
1688185485,200,200,0.446195,1.101957
1688186295,200,200,0.238756,0.690467
1688186974,200,200,0.276581,0.790826
1688187827,200,200,0.532089,1.247927
1688189102,200,200,0.387770,1.254723
1688189803,200,200,0.292563,1.261542
1688190479,502,200,0.221286,0.245387
1688191159,200,200,0.284034,0.890401
1688192765,200,200,0.269231,0.866269
1688193625,502,200,0.469603,0.321148
1688194306,200,200,0.387485,1.333220
1688195338,200,200,0.418772,1.148122
1688196151,200,200,0.986854,1.813065
1688196850,200,200,0.274204,1.781238
1688197540,200,200,0.301431,1.097248
1688198218,200,200,0.402504,1.103304
1688199808,502,200,7.543113,0.331167
1688200564,200,200,0.461491,4.121319
1688201255,502,200,0.309822,0.234907
1688201929,502,200,0.235848,0.107907
1688203130,200,200,0.513948,1.158877
1688203806,200,200,0.404536,1.600570
1688204496,200,200,0.349922,1.015003
1688205180,408,502,7.297314,0.691433
1688206338,200,502,0.249537,0.207785
1688207456,502,200,0.284294,0.298485
1688208132,502,200,0.222477,0.221517
1688208824,200,200,0.351053,1.037754
1688209840,200,200,0.241504,0.507419
1688210531,200,200,0.296827,0.655608
1688211234,200,200,0.217301,0.728648
1688211921,200,200,0.379750,7.772352
1688212591,200,200,0.392683,0.945622
1688214941,200,200,0.361581,0.974186
1688216420,502,502,12.378397,7.415950
1688217884,200,200,0.509829,1.268581
1688218581,502,502,7.368977,7.413289
1688219250,200,200,0.270608,1.039721
1688219930,200,200,0.162334,0.850373
1688221115,200,200,0.323011,0.813783
1688221799,200,200,0.404041,1.119443
1688222491,200,200,0.506554,1.357888
1688223176,200,200,0.357274,1.039028
1688224283,200,200,0.463576,1.038055
1688225167,200,200,0.551795,1.177352
1688225853,200,200,0.306396,0.905253
1688226544,200,200,0.406581,1.209484
1688227236,502,502,0.472398,0.330621
1688228810,502,200,0.263856,0.280697
1688229763,200,200,0.424282,1.268069
1688230476,200,200,0.362850,36.481902
1688231518,200,200,0.239875,0.551627
1688232445,200,200,0.135920,0.631717
1688233126,200,200,0.131940,0.718516
1688233809,200,200,0.481916,1.801902
1688234870,200,200,0.311689,0.991654
1688236109,200,200,0.538831,0.893206
1688236811,200,200,0.332322,1.639800
1688237485,200,200,0.296469,0.857165
1688238404,200,200,0.147106,0.661475
1688239111,200,200,0.374056,0.872295
1688239785,200,200,0.244256,0.636786
1688240469,200,502,0.266777,0.212567
1688241154,200,200,0.565847,1.243029
1688242263,200,200,4.370157,3.163277
1688243128,200,200,0.300909,1.040790
1688243835,200,200,0.411757,1.070478
1688244523,200,200,0.316053,1.049604
1688245204,200,200,0.560537,1.395836
1688246265,200,200,0.505852,1.067354
1688246942,200,200,0.532548,1.142635
1688247630,200,200,0.553207,1.261479
1688248303,200,200,0.260750,0.639775
1688249337,200,200,0.570194,1.141372
1688250444,200,200,0.306580,0.554666
1688251134,502,502,0.239724,0.296794
1688251815,200,502,0.412691,0.343180
1688252809,200,200,0.428691,0.751882
1688253795,200,200,0.498904,0.861629
1688254515,200,200,0.411024,1.022199
1688255201,200,502,0.542539,6.061173
1688255883,200,200,0.403693,0.973261
1688263573,200,200,0.215811,0.422115
1688267183,200,200,0.386351,0.842756
1688268769,200,200,0.238582,0.549813
1688269463,200,200,0.215501,0.589893
1688270155,200,200,0.256653,0.574505
1688271640,200,200,0.258482,0.624280
1688272481,200,200,0.358503,0.644911
1688273160,200,200,0.262172,0.555913
1688273865,200,200,0.282349,0.574416
1688275169,200,200,0.114682,0.626227
1688275854,200,200,0.548262,0.858386
1688276531,200,200,0.397770,0.675703
1688277216,200,200,0.400611,0.841848
1688278579,200,200,0.270146,0.642478
1688279555,200,200,0.394784,0.824987
1688280254,200,200,0.482657,0.880497
1688280933,200,200,0.452145,0.786030
1688282105,200,200,0.307273,0.806195
1688282797,200,200,0.294371,0.707612
1688283492,200,200,0.412878,0.710779
1688284174,200,200,0.546639,0.977318
1688285175,200,200,0.257269,0.672568
1688286472,200,200,0.324893,0.565151
1688287198,200,200,0.260700,0.469573
1688287883,200,200,0.350832,0.791777
1688288890,200,200,0.264639,0.858169
1688289779,200,200,0.404599,0.757442
1688290494,200,200,0.406570,0.961287
1688291180,200,200,0.299681,0.571555
1688291864,200,200,0.558287,0.858305
1688293270,200,200,0.236506,0.464208
1688294081,200,200,0.368812,0.697131
1688294771,200,200,0.213816,0.443913
1688295457,200,200,0.394401,0.842700
1688296554,200,200,0.254187,0.631808
1688297236,200,200,0.585088,0.972306
1688297910,502,500,0.210267,0.259271
1688298593,200,200,0.277855,0.749797
1688299842,200,200,0.301559,0.743995
1688301944,200,200,0.291971,0.903025
1688303295,200,200,0.214412,0.729560
1688304437,200,200,0.544509,0.960365
1688305111,200,200,0.306935,0.610723
1688305811,200,200,0.403515,0.694684
1688306731,200,200,0.421963,0.969385
1688307855,200,200,0.236008,0.496823
1688308536,200,200,0.413741,0.644563
1688309223,200,200,0.546411,0.971622
1688309900,200,200,0.410170,0.740729
1688311173,200,200,0.259776,0.566629
1688311871,200,200,0.461037,0.941850
1688312554,200,200,0.213638,0.424765
1688313236,200,200,0.130785,0.551863
1688314614,200,200,0.313978,0.677550
1688315792,200,500,0.280345,7.646715
1688316472,200,200,0.265558,0.467540
1688317157,200,200,0.502854,0.898068
1688318322,200,200,0.236327,0.517020
1688319021,200,200,0.377215,1.011866
1688319715,200,200,0.491035,0.928896
1688320402,200,200,0.385235,0.791691
1688321712,200,200,0.260075,0.535863
1688322648,200,200,0.325022,0.783953
1688323337,200,200,0.286267,0.610397
1688324019,200,200,0.242356,0.792262
1688325025,200,200,0.153202,0.542300
1688325709,200,200,0.301489,0.945903
1688326410,200,200,0.476274,0.719389
1688327086,200,502,0.377074,0.208481
1688327763,200,200,0.262673,0.515556
1688329073,200,200,0.329648,0.817511
1688329751,200,200,0.544282,1.038687
1688330428,200,200,0.438188,0.688572
1688331117,200,200,0.292444,0.891496
1688332109,200,200,0.292839,0.792947
1688332886,200,200,0.272684,0.694204
1688333602,200,200,0.457844,0.818818
1688334287,200,200,0.390053,0.683136
1688334968,200,200,0.391729,0.910457
1688336189,502,502,0.279223,0.248915
1688337014,200,200,0.292973,0.668531
1688337697,200,200,0.375137,0.903184
1688338385,200,200,0.404237,1.048814
1688339501,200,200,0.396271,1.010682
1688340329,200,200,0.361859,0.995335
1688341031,200,200,0.377064,0.939720
1688341714,200,200,0.129443,0.762762
1688342392,200,200,0.258169,0.923578
1688349640,502,502,0.469590,0.325000
1688353294,200,200,0.400583,1.075914
1688355061,200,500,0.399745,0.235580
1688355860,200,200,0.384395,0.684020
1688356539,200,200,0.251953,0.638006
1688358065,200,200,0.269292,0.586206
1688358989,200,500,0.284627,0.261420
1688359674,200,200,0.392843,0.799310
1688360351,200,200,0.341618,0.797495
1688361717,200,200,0.255058,0.617457
1688362502,200,200,0.271766,0.719313
1688363189,200,200,0.257077,0.589187
1688363873,200,200,0.493370,0.910094
1688365627,200,200,0.385564,0.788003
1688366536,200,200,0.374980,0.841970
1688367232,200,200,0.552967,1.100458
1688368397,200,200,0.527296,1.047755
1688369114,200,200,0.388818,0.817726
1688369810,200,200,0.259246,0.563838
1688370496,200,200,0.142859,0.595978
1688371184,200,200,0.348839,0.743774
1688372806,502,502,0.136561,0.248695
1688373681,200,200,0.241912,0.495326
1688374361,200,200,0.236596,0.452101
1688375539,200,200,0.172946,0.477307
1688376425,200,200,0.282448,0.606921
1688377106,200,200,0.387249,1.018739
1688377784,200,200,0.380677,0.700805
1688378820,200,200,0.474946,0.904726
1688380246,200,200,0.417236,0.875538
1688380931,200,200,0.410383,0.698339
1688381608,502,500,0.241002,1.350664
1688382659,200,200,0.342258,4.166593
1688383438,200,200,0.309603,0.449568
1688384085,200,200,0.313548,0.740171
1688384764,200,200,0.184144,0.488270
1688385456,200,200,0.256266,0.649409
1688388328,200,200,0.505114,0.889018
1688390050,200,200,0.240329,0.491417
1688391279,200,200,0.263742,0.600924
1688391960,200,200,0.535371,0.825472
1688392633,200,200,0.243629,0.616185
1688393953,200,200,0.269454,0.775429
1688394747,502,502,0.237323,0.210753
1688395427,200,200,0.322648,0.495825
1688396106,200,200,0.168577,0.577035
1688397413,200,200,0.457668,0.741929
1688398158,200,200,0.387223,0.840787
1688398845,200,200,0.299642,0.703312
1688399522,200,200,0.297191,0.815593
1688400805,200,200,0.545605,1.067376
1688402163,200,200,0.237741,0.529678
1688402845,200,200,0.376687,0.738524
1688403524,200,200,0.470581,0.820978
1688404745,200,200,0.234810,0.465305
1688405455,200,200,0.594381,0.790476
1688406136,200,200,0.261066,0.668055
1688406831,200,200,0.543952,0.859900
1688408219,200,200,0.534791,0.934712
1688409203,200,200,0.235710,0.426785
1688409883,200,200,0.414005,0.942972
1688410575,200,200,0.253092,0.567711
1688411727,200,200,0.316450,0.658202
1688412404,200,200,0.250043,0.443298
1688413097,200,200,0.218323,0.584877
1688413799,200,200,0.406274,0.712170
1688414838,200,200,0.245260,0.567122
1688415998,200,200,0.286403,0.493130
1688416710,200,200,0.295710,0.554305
1688417388,200,200,0.264857,0.609888
1688418332,200,200,0.263108,0.576887
1688419327,200,200,0.256353,0.439232
1688420066,200,200,0.313353,0.451178
1688420749,200,200,0.254901,0.664849
1688421425,200,200,0.123952,0.560698
1688422827,200,200,0.413290,1.097543
1688423707,200,200,0.193714,0.621002
1688424399,200,200,0.397139,0.859463
1688425087,200,200,0.253415,0.587447
1688426500,200,200,0.394337,0.670631
1688427229,200,200,0.256877,0.482961
1688427920,200,200,0.504578,0.859180
1688428601,200,200,0.386878,0.758536
1688435825,200,200,0.392175,0.700355
1688437171,200,200,0.319706,0.671567
1688439988,000,000,130.289516,131.063605
1688441853,000,000,131.118320,131.064681
1688442607,000,502,130.924481,65.648316
1688443095,200,200,0.547545,0.977093
1688444760,200,200,0.371611,0.640451
1688445702,200,200,0.396319,0.787767
1688446384,200,200,0.492046,0.957447
1688447530,200,200,0.272571,0.412415
1688448638,200,200,0.396481,0.625073
1688449321,200,200,0.282134,0.800089
1688450010,200,200,0.298881,0.395252
1688451518,200,200,0.325025,0.780961
1688452678,200,200,0.147564,0.535683
1688453357,200,200,0.158955,0.463329
1688454226,200,502,0.394198,30.220411
1688455307,200,200,0.178278,0.425808
1688456046,200,200,0.157221,0.580703
1688456733,200,200,0.248557,0.469945
1688457410,200,200,0.153864,0.551437
1688459173,502,502,0.276905,0.283794
1688460130,200,200,0.266870,0.623036
1688460823,200,200,0.310265,0.437167
1688462061,200,200,0.391580,0.613143
1688462933,200,200,0.332084,0.612330
1688463613,200,200,0.556179,0.863695
1688464289,200,200,0.276896,0.493022
1688465468,200,200,0.464172,0.752848
1688466832,200,200,0.545647,1.006190
1688467522,200,200,0.315362,0.574693
1688468200,200,200,0.488453,0.959238
1688469421,200,200,0.412204,0.814377
1688470103,200,200,0.546845,1.005621
1688470779,200,200,0.255145,0.548781
1688471466,200,200,0.552628,0.818652
1688473055,200,200,0.281012,0.608384
1688475310,200,200,0.309754,0.594685
1688477178,200,200,0.297243,0.441716
1688478020,200,200,0.266020,0.466308
1688478720,200,200,0.553025,1.036970
1688479794,200,200,0.306900,0.631591
1688480969,200,200,0.302260,0.796632
1688481666,200,200,0.330430,0.638027
1688482344,200,200,0.220901,0.445953
1688483524,200,200,0.260714,0.663573
1688484529,200,200,0.352163,0.767965
1688485214,200,200,0.278117,0.606804
1688485896,200,200,0.252600,0.618952
1688487185,200,200,0.258295,0.791661
1688488707,200,200,0.260568,0.492048
1688489443,200,200,0.388718,0.741647
1688490451,200,200,0.558757,1.010430
1688491703,502,502,0.473708,0.314175
1688492389,200,200,0.279721,0.577823
1688493072,200,200,0.276631,0.681142
1688494314,200,200,0.288238,0.712406
1688495600,200,200,0.336330,0.824677
1688496329,200,200,0.299226,0.798517
1688497012,200,200,0.545577,1.021753
1688498179,200,200,0.393040,0.581887
1688498867,200,200,0.239829,0.549438
1688499560,200,200,0.264566,0.554382
1688500248,200,200,0.386647,0.873656
1688501354,200,200,0.315461,0.444139
1688502428,200,200,0.478252,0.994467
1688503156,200,200,0.524195,0.559532
1688503833,200,200,0.253038,0.718597
1688504846,200,200,0.503728,0.985803
1688505797,200,200,0.558980,0.842905
1688506523,200,200,0.309142,0.694281
1688507202,200,200,0.307921,0.599651
1688507887,200,200,0.244722,0.590490
1688509291,200,200,0.258856,0.558981
1688510186,200,200,0.306462,0.769593
1688510870,200,200,0.312918,0.590963
1688511562,200,200,0.460964,0.924293
1688512923,200,200,0.421826,1.024617
1688513660,200,200,0.387440,0.989014
1688514344,200,200,0.409169,0.686245
1688515024,200,200,0.310995,0.625430
1688522292,502,502,0.484605,0.322335
1688526126,502,502,0.416367,0.267412
1688528004,502,502,0.240747,0.248962
1688528852,502,502,0.220579,0.120622
1688529536,200,500,0.477708,0.556231
1688531230,502,502,0.218575,0.103930
1688532200,502,502,0.313369,0.303895
1688532881,502,502,0.310004,0.230421
1688534152,502,502,0.235786,0.091667
1688535171,502,502,0.401110,0.416156
1688535852,502,502,0.314737,0.129660
1688536534,502,502,0.269977,0.374741
1688538289,502,502,0.249462,0.245414
1688539350,502,502,0.249499,0.147143
1688540033,502,502,0.475707,0.466718
1688541256,502,502,0.337852,0.333777
1688542048,502,502,0.314572,0.203444
1688542741,502,502,0.236140,0.241572
1688543418,200,500,0.386560,0.579599
1688544639,502,502,0.119160,0.091808
1688546003,502,502,0.393754,0.345045
1688546787,502,502,0.147180,0.221202
1688547470,502,502,0.370972,0.257873
1688548901,200,500,0.530971,0.782516
1688549647,200,500,0.387359,0.665688
1688550339,502,502,0.329854,0.225293
1688551022,502,502,0.455595,0.405893
1688552643,200,502,0.408583,0.470755
1688553660,200,502,0.288060,0.231006
1688554342,200,502,0.174009,0.126655
1688555396,200,500,0.494191,0.972313
1688556242,200,500,0.376406,0.450669
1688556968,200,500,0.277809,0.588553
1688557651,200,200,0.525617,0.870244
1688558341,200,500,0.403987,0.448488
1688561281,200,200,0.362075,0.746565
1688563053,502,502,0.239276,0.168114
1688564354,502,502,0.362110,0.368455
1688565046,200,200,0.254769,0.563864
1688566113,200,200,0.158917,0.449723
1688567421,200,200,0.236421,0.625798
1688568174,200,200,0.420107,0.759187
1688568863,200,200,0.292789,0.647853
1688570209,200,200,0.290382,0.768856
1688571110,200,200,3.071178,4.509734
1688571785,200,200,0.327017,0.685600
1688572470,200,200,0.385887,0.772932
1688574106,200,200,0.377957,0.712748
1688575439,200,200,0.302194,0.673726
1688576133,200,200,0.231805,0.533615
1688577346,200,200,0.388958,0.952906
1688578228,200,200,0.377119,0.752630
1688578910,200,200,0.488708,0.827456
1688579599,200,200,0.288455,0.588512
1688581025,200,200,0.365028,0.852732
1688582194,200,200,0.286287,0.786462
1688582884,200,200,0.487862,0.802067
1688583577,200,200,0.134140,0.386205
1688584692,200,200,0.414467,0.840858
1688585368,200,200,0.938978,1.571916
1688586055,200,200,3.333170,0.565912
1688586728,200,200,0.311388,0.671406
1688587918,200,200,0.530560,0.815487
1688588959,200,200,0.421148,0.684662
1688589642,200,200,0.539545,0.889836
1688590327,200,502,0.282315,0.234081
1688591666,000,000,130.977839,131.065661
1688592569,000,000,130.756768,131.065832
1688593278,000,000,131.151871,131.063361
1688593972,000,000,130.873677,131.060748
1688594522,000,200,129.386729,0.691778
1688595847,200,200,0.439333,0.702853
1688596730,200,200,0.546518,0.855996
1688597426,200,200,0.398785,0.853127
1688598481,200,200,0.401899,0.837470
1688599553,200,200,0.154619,0.450010
1688600286,200,200,0.486771,0.756847
1688600969,200,200,0.265406,0.395064
1688603903,200,200,0.375477,0.687557
1688610036,200,200,0.276552,0.630129
1688613052,200,200,0.381665,0.604362
1688614689,200,200,0.239652,0.569611
1688615409,200,200,0.251643,0.531549
1688616549,200,200,0.270556,0.447681
1688617917,200,200,0.136121,0.473036
1688618714,200,200,0.388848,0.971837
1688619407,200,200,0.539304,0.888609
1688620838,200,200,0.241374,0.509527
1688621744,200,200,0.439792,0.769295
1688622419,200,200,0.263208,0.429811
1688623096,200,200,0.270823,0.633771
1688624916,502,502,0.282685,0.253572
1688625948,200,200,0.384515,0.667278
1688626640,200,200,0.426163,0.750093
1688628009,200,200,0.407731,0.615728
1688628700,200,200,0.386961,0.772717
1688629395,200,200,0.236879,0.426624
1688630086,200,200,0.162872,0.566490
1688631695,200,200,0.549788,0.928570
1688632765,200,200,0.258458,0.459914
1688633462,200,200,0.153597,0.445370
1688634554,200,200,0.238077,0.542789
1688635614,200,200,0.297976,0.649752
1688636346,200,200,0.144505,0.441442
1688637036,200,200,0.314028,0.446453
1688638157,200,200,0.435871,0.744998
1688639612,200,200,0.515671,0.833106
1688640308,200,200,0.245224,0.438916
1688640994,200,200,0.428390,0.641226
1688642226,200,200,0.398136,0.710654
1688642900,200,200,0.129805,0.445865
1688643583,200,200,0.205538,0.468443
1688644269,200,200,0.488028,0.989669
1688645924,200,200,0.242859,0.448883
1688648249,200,200,0.299211,0.736360
1688650588,200,200,0.551704,0.835078
1688651300,200,200,0.224778,0.530770
1688651977,200,200,0.242053,0.424315
1688653410,200,200,0.338970,0.790546
1688654287,200,200,0.424540,0.740344
1688654983,200,200,0.217126,0.463700
1688656005,200,200,0.528522,0.997160
1688657268,200,200,0.120008,0.470881
1688658051,200,200,0.287119,0.524057
1688658736,200,200,0.144519,0.601003
1688660124,200,200,0.740110,0.968630
1688661647,200,200,0.402866,0.994830
1688662359,200,200,0.232336,0.575822
1688663498,200,200,0.553120,0.885946
1688664623,200,200,0.556770,0.958195
1688665313,200,200,0.488439,0.960684
1688666006,200,200,0.395571,0.683405
1688667386,200,200,0.313099,0.706040
1688668326,200,200,0.351251,0.672952
1688669008,200,200,0.545476,0.949454
1688669686,200,200,1.311498,0.733868
1688670760,200,200,0.415626,0.934142
1688671445,200,200,0.323485,0.443704
1688672141,200,200,0.481010,0.802396
1688672817,200,200,0.149321,0.533888
1688673508,200,200,0.474841,0.888847
1688674923,200,200,0.330653,0.880680
1688675637,200,200,0.292550,0.811219
1688676318,200,200,0.320621,0.443267
1688677012,200,200,0.305916,0.762158
1688678265,200,200,0.524787,1.049750
1688678956,200,200,0.247317,0.611281
1688679640,200,200,0.239433,0.640860
1688680318,200,200,0.272318,0.402074
1688681408,200,200,0.482225,0.663962
1688682567,200,200,0.401095,0.670767
1688683250,200,200,0.299708,0.417963
1688683944,200,200,0.276422,0.582202
1688685114,200,200,0.405874,0.738991
1688686046,200,200,0.404997,0.442209
1688686734,200,200,0.294787,0.582748
1688687422,200,200,0.309539,0.619347
1688690808,200,200,0.242071,0.304365
1688696406,200,200,0.270389,0.418936
1688699288,200,200,0.283856,0.286655
1688700889,200,200,0.299110,0.637153
1688701598,200,200,0.525193,0.663112
1688702271,200,200,0.153203,0.366691
1688703909,200,200,0.462984,0.784837
1688704792,200,200,0.540651,0.666799
1688705485,200,200,0.347211,0.500963
1688706559,200,200,0.253023,0.429321
1688707714,200,200,0.297564,0.631087
1688708392,200,200,0.392517,0.643455
1688709083,200,200,0.410669,0.821663
1688710388,200,200,0.381816,0.588955
1688711670,200,200,0.459946,0.581613
1688712349,200,200,0.277875,0.293183
1688713032,200,200,0.359874,0.514772
1688714335,200,200,0.500568,0.900713
1688715013,200,200,0.394625,0.499191
1688715692,200,200,0.256195,0.275452
1688716377,200,200,0.296680,0.474677
1688717756,200,200,0.371966,0.500687
1688718852,200,200,0.240033,0.392417
1688719547,200,200,0.395417,0.666669
1688720226,200,200,0.351004,0.518480
1688721608,200,200,0.404963,0.428658
1688722305,200,200,0.430420,0.537421
1688722990,200,200,0.230659,0.264253
1688723674,200,200,0.240113,0.350707
1688725028,200,200,0.504817,0.699515
1688726121,200,200,0.130838,0.280100
1688726817,200,200,0.393876,0.683441
1688727499,200,200,0.255165,0.376202
1688728620,200,200,0.259990,0.475020
1688729300,200,200,0.269216,0.483351
1688729986,200,200,0.276761,0.379042
1688730682,200,200,0.258122,0.453036
1688732367,200,200,0.129844,0.300617
1688734429,200,200,0.408849,0.818584
1688736090,200,200,0.255919,0.572523
1688736960,200,200,0.483463,0.726621
1688737654,200,200,0.254007,0.477475
1688738336,200,200,0.407131,0.772714
1688739670,200,200,0.314505,0.444132
1688740501,200,200,0.306371,0.304112
1688741187,200,200,0.481310,0.707709
1688741864,200,200,0.397544,0.756735
1688743297,200,200,0.301367,0.519993
1688744043,200,200,0.409150,0.546764
1688744727,200,200,0.506413,0.783735
1688745414,200,200,0.527497,0.673682
1688747196,200,200,0.279698,0.497239
1688748252,200,200,0.474986,0.719681
1688748928,200,200,0.283185,0.382591
1688750120,200,200,0.160081,0.275184
1688751010,200,200,0.305958,0.247264
1688751691,200,200,0.549707,0.824658
1688752378,200,200,0.454469,0.660080
1688753736,200,200,0.390981,0.725384
1688754804,200,200,0.416460,0.682952
1688755484,200,200,0.541908,0.745940
1688756161,000,000,0.240520,0.099902
1688757193,301,301,0.271107,0.093232
1688757877,301,301,0.345915,0.236103
1688758570,301,301,0.300048,0.245383
1688759252,200,200,0.402662,0.902139
1688759936,200,200,0.328823,0.272692
1688761288,200,200,0.133530,0.255415
1688762022,200,200,0.464459,0.479790
1688762698,200,200,0.456840,0.519131
1688763380,200,200,0.303536,0.263493
1688764561,200,200,0.380540,0.520838
1688765251,200,200,0.414450,0.609684
1688765932,200,200,0.299723,0.173544
1688766619,200,200,0.334221,0.436258
1688767617,200,200,0.257675,0.280467
1688768881,200,502,0.283082,0.284089
1688769608,200,200,0.270190,0.365623
1688770288,200,200,0.296433,0.410244
1688771384,200,200,0.416624,0.643434
1688772303,200,200,0.159870,0.307454
1688773024,200,200,0.414359,0.623556
1688773701,200,200,0.463600,0.591505
1688774383,200,200,0.306404,0.429225
1688781551,200,200,0.324044,0.510641
1688785353,200,200,0.678858,0.857473
1688787202,200,200,0.292071,0.618610
1688787980,200,200,0.294673,0.443867
1688788661,200,200,0.246685,0.206833
1688790271,200,200,0.372090,0.502195
1688791109,200,200,0.428594,0.457902
1688791796,200,200,0.234663,0.280963
1688792765,200,200,0.431135,0.488675
1688793969,200,200,0.386466,0.432708
1688794661,200,200,0.481028,0.533302
1688795347,200,200,0.369163,0.484330
1688796345,200,200,0.500167,0.766468
1688797712,502,502,0.418729,0.282700
1688798471,200,200,0.536939,0.609755
1688799156,200,200,0.336766,0.390706
1688800219,200,200,0.265413,0.501520
1688800980,200,200,0.320722,0.546640
1688801673,200,200,0.395108,0.609581
1688802354,200,200,0.298794,0.572712
1688803041,200,200,0.355061,0.501234
1688804610,200,200,0.382049,0.593205
1688805397,200,200,0.274286,0.468850
1688806076,200,200,0.344850,0.263658
1688806767,200,200,0.505515,0.845928
1688807940,200,200,0.313588,0.395207
1688808624,200,200,0.273899,0.394608
1688809303,200,200,0.329437,0.424286
1688809983,200,200,0.401834,0.523320
1688811136,200,200,0.329100,0.341677
1688812267,200,200,0.413004,0.627653
1688812965,200,200,0.457811,0.660077
1688813641,200,200,0.278656,0.500402
1688814663,200,200,0.446079,0.555359
1688815340,200,200,0.357834,0.703502
1688816038,200,200,0.287548,0.432071
1688816720,200,200,0.302022,0.256164
1688817396,200,200,0.261396,0.224194
1688819784,200,200,0.389981,0.507708
1688821221,502,502,0.453728,0.327508
1688822709,200,200,0.546215,0.766367
1688823388,200,200,0.281705,0.551998
1688824070,200,200,0.355036,0.702421
1688824747,200,200,0.404654,0.434452
1688825961,200,200,1.397942,0.680844
1688826656,200,200,0.328015,0.421896
1688827330,200,200,0.300767,0.416685
1688828007,200,200,0.236156,0.411942
1688829141,200,200,0.303638,0.509721
1688829981,200,200,0.320572,0.417447
1688830670,200,200,0.411167,0.503517
1688831345,200,200,0.370263,0.458679
1688832042,502,502,0.236523,0.260979
1688833642,200,200,0.405110,0.876511
1688834560,200,200,0.283072,0.460618
1688835239,200,200,0.242231,0.444010
1688836308,200,200,0.289369,0.413644
1688837251,200,200,0.277989,0.293532
1688837928,200,200,0.324135,0.265349
1688838607,200,200,0.465796,0.530055
1688839670,200,200,0.307993,0.324758
1688840910,200,200,0.127624,0.406106
1688841642,200,200,0.153988,0.231827
1688842328,200,200,0.391978,0.464318
1688843299,200,200,0.541776,0.610488
1688843975,200,200,0.509380,0.753050
1688844664,200,200,0.377813,0.470993
1688845357,200,200,0.504891,0.738322
1688846037,200,200,0.487716,0.611195
1688847236,400,500,0.215677,0.285071
1688848020,502,500,0.291396,0.275523
1688848701,200,200,0.258894,0.327467
1688849401,200,200,0.289079,0.400363
1688850310,200,200,0.273637,0.448021
1688851221,200,200,0.284093,0.570178
1688851916,502,500,0.304712,0.144407
1688852598,200,200,0.255770,0.349505
1688853280,200,200,0.289633,0.352287
1688854431,200,200,0.370418,0.433010
1688855404,200,200,0.515679,0.754389
1688856085,200,200,0.290683,0.487385
1688856776,200,200,0.480079,0.597878
1688857903,200,200,1.484100,0.781831
1688858728,200,200,0.317318,0.395719
1688859454,200,200,0.413233,0.582551
1688860131,200,200,0.256195,0.501495
1688860812,200,200,0.315105,0.254896
1688868684,200,200,0.367108,0.463043
1688872219,200,502,0.334443,0.297573
1688873728,200,200,0.287772,0.180183
1688874424,200,200,0.333487,0.394216
1688875103,200,200,0.336320,0.209203
1688876673,200,200,0.482912,0.594813
1688877519,200,200,0.403568,0.616805
1688878199,200,200,0.441096,0.473709
1688879188,200,200,0.406547,0.765762
1688880396,200,200,0.281060,0.461481
1688881098,200,200,0.360576,0.537503
1688881777,200,200,0.158641,0.357970
1688882877,200,200,0.389989,0.448732
1688884227,502,502,0.481422,0.342045
1688884949,200,200,0.540804,0.814991
1688885626,200,200,0.399361,0.571383
1688886725,200,200,0.398133,0.402386
1688887428,200,200,0.269048,0.478527
1688888131,200,200,0.415745,0.448081
1688888820,200,200,0.504639,0.630591
1688889496,200,200,0.286622,0.359298
1688891041,200,200,0.415479,0.571583
1688891812,200,200,0.409455,0.771870
1688892485,200,200,0.270353,0.333652
1688893167,200,200,0.407683,0.622171
1688894349,200,200,0.260081,0.374659
1688895035,200,200,0.410901,0.634647
1688895718,200,200,0.414524,0.432241
1688896408,200,200,0.271050,0.339431
1688897589,200,200,0.261166,0.528934
1688898687,200,200,0.287741,0.386942
1688899379,200,200,0.319574,0.358069
1688900059,200,200,0.542186,0.710441
1688901091,200,200,0.262927,0.364079
1688901788,200,200,0.549789,0.629874
1688902473,200,200,0.393237,0.616693
1688903155,200,200,0.544497,0.631786
1688903836,200,200,0.307782,0.237243
1688906274,200,200,0.320228,0.380197
1688907660,502,502,0.374887,0.247326
1688909127,200,200,0.269588,0.185687
1688909808,200,200,0.307586,0.232073
1688910498,200,200,0.216356,0.208373
1688911182,200,200,0.394662,0.543607
1688912384,200,200,0.153179,0.227280
1688913079,200,200,0.480722,0.560454
1688913761,200,200,0.385278,0.566901
1688914439,200,200,0.355689,0.558274
1688915591,200,200,0.280633,0.454440
1688916409,200,200,0.294468,0.228033
1688917094,200,200,0.300674,0.365394
1688917780,200,200,0.316640,0.245560
1688918804,200,200,0.338649,0.385406
1688920276,200,200,0.294076,0.590746
1688921041,200,200,0.286026,0.369858
1688921726,200,200,0.290724,0.384233
1688922851,200,200,0.298719,0.408526
1688923739,200,200,0.483450,0.541272
1688924419,200,200,0.258801,0.255570
1688925111,200,200,0.256142,0.345256
1688926313,200,200,0.300643,0.373598
1688927423,200,200,0.406485,0.662332
1688928103,200,200,0.255280,0.259039
1688928790,200,200,0.528895,0.604439
1688929781,200,200,0.368176,0.538918
1688930469,200,200,0.276694,0.304229
1688931180,200,200,0.385089,0.404156
1688931858,200,200,0.308150,0.552962
1688932541,200,200,0.353923,0.415844
1688933855,200,200,0.539606,0.789551
1688934531,200,200,0.332836,0.437980
1688935215,200,200,0.153379,0.468054
1688935896,200,200,0.310159,0.485380
1688936887,200,200,0.318596,0.356470
1688937719,200,200,0.533103,0.710718
1688938440,200,200,0.380159,0.455408
1688939119,200,200,0.275307,0.222284
1688939806,200,200,0.461668,0.624288
1688941083,200,200,0.306288,0.217740
1688941908,200,200,0.386552,0.585317
1688942585,200,200,0.294420,0.451739
1688943267,200,200,0.229819,0.385716
1688944469,200,200,0.221359,0.207586
1688945222,200,200,0.300930,0.220035
1688945937,200,200,0.503460,0.628933
1688946613,200,200,0.374782,0.458965
1688949886,200,200,0.565573,0.764018
1688955777,200,200,0.151538,0.242031
1688958706,200,200,0.276368,0.377607
1688960221,200,200,0.219102,0.324430
1688960925,200,200,0.291838,0.182636
1688961614,502,502,0.313129,0.251383
1688963199,502,502,0.295770,0.113492
1688964353,000,000,131.009280,131.063814
1688965036,000,000,130.483212,131.064190
1688966189,000,000,131.093179,131.062325
1688967259,000,000,130.879408,131.065565
1688967955,000,000,129.451388,131.063663
1688968635,000,000,130.235043,131.058573
1688970074,000,000,130.710485,131.065417
1688971279,000,000,129.462581,131.063452
1688971966,000,000,130.877917,131.064681
1688972653,000,000,129.702619,131.065526
1688973888,000,000,130.093426,131.062608
1688974605,000,000,130.983646,131.060791
1688975279,000,000,129.823039,131.065759
1688975973,000,000,131.077715,131.064909
1688977626,000,000,130.133483,131.065065
1688978636,000,000,129.491595,131.065741
1688979317,000,000,131.387215,131.065008
1688980434,000,000,130.440263,131.064009
1688981466,000,000,130.925159,131.064472
1688982171,000,000,130.400249,131.064535
1688982850,000,000,131.021953,131.065526
1688983912,000,000,131.350435,131.062454
1688985378,000,000,131.296908,131.065732
1688986086,000,000,131.268228,131.063196
1688986761,000,000,130.447664,131.061724
1688987875,000,000,130.208638,131.065683
1688988560,000,000,130.527673,131.065882
1688989257,000,000,129.844815,131.058177
1688989950,000,000,131.187550,131.063326
1688990633,000,000,129.691900,131.062857
1688993360,000,000,129.411745,131.065169
1688995068,000,000,129.907148,131.064011
1688996310,000,000,129.243377,131.065523
1688997000,000,000,129.234726,131.065554
1688997682,000,000,130.525677,131.065652
1688999049,000,000,130.600967,131.064028
1688999940,000,000,130.341547,131.064457
1689000489,000,000,129.394769,0.297160
1689001040,000,000,0.258907,0.234032
1689002498,000,000,0.259477,0.297170
1689003295,200,200,0.332161,0.367743
1689003988,200,200,0.401683,0.535755
1689004667,200,200,0.301106,0.443529
1689006567,200,200,0.341322,0.355860
1689007671,200,200,0.153943,0.222575
1689008364,200,200,0.394828,0.443916
1689009649,200,200,0.331003,0.478010
1689010429,200,200,0.336666,0.598017
1689011111,200,200,0.303665,0.318110
1689011794,200,200,0.293801,0.426496
1689013488,200,200,0.159608,0.308999
1689014418,200,200,0.288235,0.261790
1689015101,200,200,0.528967,0.753495
1689016078,200,200,0.298777,0.352002
1689016828,200,200,0.396789,0.549976
1689017528,200,200,0.370099,0.224431
1689018205,200,200,0.417687,0.507245
1689018893,200,200,0.306090,0.506056
1689020221,200,200,0.372254,0.413963
1689020986,200,200,0.293897,0.247919
1689021665,200,200,0.328859,0.338147
1689022347,200,200,0.262839,0.444277
1689023418,200,200,0.364046,0.368555
1689024220,200,200,0.423164,0.534702
1689024937,200,200,0.399852,0.508424
1689025626,200,200,0.306795,0.473991
1689026320,200,200,0.402458,0.445797
1689027677,200,200,0.397737,0.715460
1689028519,200,200,0.261198,0.246823
1689029214,200,200,0.407918,0.637427
1689029895,200,200,0.572828,0.602652
1689031217,200,200,0.323425,0.459091
1689031920,200,200,0.388913,0.492856
1689032613,200,200,0.292673,0.244202
1689033289,200,200,0.260858,0.241868
1689038723,200,200,0.424425,0.430366
1689043289,200,200,0.311138,0.259074
1689045062,200,200,0.556978,30.660546
1689046230,200,200,0.325872,0.215472
1689046908,200,200,0.282515,0.433228
1689047593,200,200,0.621672,0.647704
1689048943,200,200,0.260596,0.564152
1689050018,200,200,0.396420,0.623410
1689050710,200,200,0.275126,0.373724
1689051405,200,200,0.397169,0.446929
1689052751,200,200,0.544641,0.876806
1689053528,200,200,0.368711,0.532474
1689054211,200,200,0.280592,0.313022
1689054901,200,200,0.372390,0.444439
1689056511,200,200,0.348732,0.445346
1689057518,200,200,0.395489,0.487491
1689058193,200,200,0.394296,0.650177
1689059196,200,200,0.279772,0.557277
1689060181,200,200,0.385233,0.576985
1689060920,200,200,0.467665,0.612689
1689061604,200,200,0.272518,0.431529
1689062281,200,200,0.526119,0.762108
1689063994,200,200,0.273417,0.434585
1689064912,200,200,0.387955,0.610425
1689065600,200,200,0.311445,0.345082
1689066790,200,200,0.335284,0.351474
1689067653,200,200,0.285982,0.427292
1689068345,200,200,0.289269,0.443505
1689069030,200,200,0.464369,0.527587
1689070116,200,200,0.296752,0.367788
1689071495,200,200,0.387790,0.544810
1689072189,200,200,0.332806,0.398615
1689072871,200,200,0.503006,0.642130
1689073951,200,200,0.310460,0.216540
1689074629,200,200,0.220334,0.421222
1689075345,200,200,0.366225,0.417666
1689076033,200,200,0.293096,0.333443
1689076716,200,200,0.550333,0.639555
1689079430,200,200,0.340829,0.271660
1689081139,200,200,0.266684,0.583702
1689082378,200,200,0.300472,0.408715
1689083055,200,200,0.512850,0.468263
1689083730,200,200,0.248691,0.358700
1689084978,200,200,0.326454,0.287345
1689085949,200,200,0.367820,0.390006
1689086625,200,200,0.221991,0.199158
1689087305,200,200,0.344659,0.567752
1689088646,200,200,0.322791,0.497605
1689089423,200,200,0.367857,0.464794
1689090111,200,200,0.556459,0.641106
1689090792,200,200,0.404072,0.549170
1689092197,200,200,0.316748,0.353696
1689093565,200,200,0.376801,0.423084
1689094245,200,200,0.404753,0.747026
1689095222,200,200,0.393814,0.446493
1689096411,200,200,0.162211,0.385929
1689097115,200,200,0.264161,0.217159
1689097792,200,200,0.179269,0.417220
1689098901,200,200,0.354598,0.228244
1689100233,200,200,0.173577,0.536102
1689100995,200,200,0.384247,0.497854
1689101660,200,200,0.546320,0.744390
1689102700,200,200,0.289193,0.201271
1689103385,200,200,0.386313,0.784450
1689104078,200,200,0.158670,0.257136
1689104771,200,200,0.385233,0.533787
1689105453,200,200,0.243118,0.372652
1689106890,200,200,0.386435,0.440528
1689107621,200,200,0.288005,0.412042
1689108312,200,200,0.298133,0.337410
1689108986,200,200,0.263847,0.372980
1689110180,200,200,0.291112,0.545691
1689110855,200,200,0.353392,0.341767
1689111537,200,200,0.272036,0.279879
1689112220,200,200,0.534051,0.791636
1689113218,200,200,0.198264,0.228254
1689114485,200,200,0.408721,0.437692
1689115189,200,200,0.398849,0.467282
1689115875,200,200,0.412308,0.747445
1689116924,200,200,0.345184,0.429308
1689117894,200,200,0.303267,0.424208
1689118605,200,200,0.294794,0.531473
1689119282,200,200,0.272128,0.586936
1689119959,200,200,0.134053,0.421184
1689127242,502,502,0.343004,0.328338
1689130809,502,502,0.296698,0.299749
1689132560,200,200,0.289035,0.415749
1689133391,200,200,0.283519,0.254985
1689134080,200,200,0.320887,0.547043
1689135540,200,200,0.554165,0.649020
1689136508,200,200,0.278389,0.414024
1689137192,200,200,0.405543,0.723827
1689137871,200,200,0.534244,0.700688
1689139242,200,200,0.289175,0.415068
1689140030,200,200,0.437685,0.576257
1689140712,200,200,0.329130,0.263511
1689141387,200,200,0.335104,0.379119
1689143127,200,200,0.562993,0.725711
1689144076,200,200,0.390285,0.519361
1689144762,200,200,0.153927,0.458064
1689145858,200,200,0.414539,0.875265
1689146670,200,200,0.549709,0.808130
1689147403,200,200,0.303098,0.521507
1689148078,200,200,0.271518,0.605225
1689148755,200,200,0.148911,0.390981
1689150405,200,200,0.400559,0.444036
1689151299,200,200,0.332618,0.357632
1689151979,200,200,0.379739,0.564915
1689153156,200,200,0.262276,0.417956
1689154034,200,200,0.262091,0.205707
1689154737,200,200,0.320545,0.245955
1689155416,200,200,0.309998,0.434193
1689156488,200,200,0.163671,0.329276
1689157878,200,200,0.401867,0.417965
1689158558,200,200,0.483638,0.773742
1689159236,200,200,0.234286,0.252089
1689160305,200,200,0.395705,0.449310
1689161018,200,200,0.447519,0.592557
1689161731,200,200,0.309834,0.369157
1689162412,200,200,0.484620,0.702951
1689163091,200,200,0.481507,0.624449
1689165903,200,200,0.144147,0.277217
1689167614,200,200,0.413472,0.725195
1689168867,200,200,0.408243,0.453970
1689169554,200,200,0.277331,0.501440
1689170235,200,200,0.241182,0.238762
1689171570,200,200,0.275675,0.360627
1689172423,200,200,0.264815,0.362536
1689173112,200,200,0.303373,0.457676
1689173790,200,200,0.384732,0.571941
1689175205,200,200,0.398385,0.482388
1689175935,200,200,0.606412,1.125407
1689176614,200,200,0.381157,0.797704
1689177291,200,200,0.239504,0.245050
1689178868,200,200,0.261031,0.238964
1689180013,200,200,0.394492,0.483197
1689180695,200,200,0.243406,0.264728
1689181723,200,200,0.317451,0.541678
1689182864,200,200,0.555192,0.635413
1689183553,200,200,0.318487,0.499310
1689184233,200,200,0.416744,0.635016
1689185384,200,200,0.306905,0.463219
1689186670,200,200,0.607395,0.649591
1689187404,200,200,0.112784,0.202911
1689188085,200,200,0.564645,0.551279
1689189143,200,200,0.301363,0.444757
1689189826,200,200,0.388771,0.809796
1689190506,200,200,0.330674,0.461536
1689191186,200,200,0.582218,0.786064
1689191865,200,200,0.310194,0.414104
1689193264,200,200,0.267434,0.470596
1689193983,200,200,0.305971,0.259169
1689194663,200,200,0.802420,0.691400
1689195343,200,200,0.306739,0.406051
1689196521,200,200,0.325996,0.416682
1689197200,200,200,0.713184,0.466353
1689197895,200,200,0.312702,0.229886
1689198577,200,200,0.601745,0.820420
1689199442,200,200,0.167235,0.222123
1689200766,200,200,0.438401,0.491540
1689201518,200,200,0.467149,0.416495
1689202210,200,200,0.435077,0.671357
1689203217,200,200,0.350501,0.411467
1689204240,200,200,0.256539,0.385312
1689204980,200,200,0.417272,0.664967
1689205669,200,200,0.316133,0.326385
1689206347,200,200,0.296336,0.380899
1689213776,502,502,0.316826,0.271041
1689217438,200,200,0.415077,0.733132
1689219169,200,200,0.411402,0.446165
1689219943,200,200,0.515257,0.741681
1689220620,200,200,0.249802,0.361555
1689222253,200,200,0.430458,0.480824
1689223134,200,200,0.292466,0.451501
1689223826,200,200,0.389996,0.473655
1689224864,200,200,0.330083,0.420038
1689226076,200,200,0.514245,0.635366
1689226751,200,200,0.371512,0.526451
1689227432,200,200,0.318089,0.573704
1689228632,200,200,0.382886,0.593498
1689229948,200,200,0.187447,0.368430
1689230690,200,200,0.405736,0.555837
1689231385,200,200,0.267246,0.260363
1689232646,200,200,0.421061,0.413228
1689233325,200,200,0.459810,0.609127
1689234007,200,200,0.378355,0.532750
1689234698,200,200,0.316190,0.225142
1689235979,200,200,0.368066,0.577996
1689237151,200,200,0.397436,0.536365
1689237840,200,200,0.491720,0.928289
1689238522,200,200,0.154092,0.222060
1689239806,200,200,0.266874,0.238076
1689240513,200,200,0.290479,0.498817
1689241208,200,200,0.425304,0.636337
1689241898,200,200,0.267631,0.254579
1689243041,200,200,0.386678,0.605972
1689244236,200,200,0.369533,0.419043
1689244917,200,200,0.306361,0.222460
1689245599,200,200,0.274251,0.442851
1689246663,200,200,0.274698,0.368291
1689247385,200,200,0.506026,0.651541
1689248110,200,200,0.384351,0.541449
1689248789,200,200,0.269482,0.326401
1689249479,200,200,0.424598,0.411270
1689252258,200,200,0.150460,0.331799
1689254018,200,200,0.382367,0.557552
1689255552,200,200,0.306038,0.351108
1689256243,200,200,0.271159,0.356170
1689257263,200,200,0.285205,0.515278
1689258481,200,200,0.365562,0.577465
1689259187,200,200,0.311247,0.386878
1689259871,200,200,0.316971,0.492585
1689260959,200,200,0.179118,0.254331
1689261912,200,200,0.322027,0.329376
1689262627,200,200,0.241888,0.232358
1689263311,200,200,0.249992,0.348689
1689263990,200,200,0.289264,0.349177
1689265701,200,200,0.404446,0.479147
1689266628,200,200,0.282917,0.360673
1689267313,200,200,0.248341,0.242797
1689268478,200,200,0.266397,0.323759
1689269402,200,200,0.252671,0.228806
1689270086,200,200,0.395427,0.425319
1689270776,200,200,0.547934,0.702234
1689272125,200,200,0.306847,0.575904
1689273200,200,200,0.222632,0.381354
1689273884,200,200,0.381754,0.417295
1689274557,200,200,0.396617,0.449990
1689275599,200,200,0.547369,0.645894
1689276284,200,200,0.376038,0.459162
1689276968,200,200,0.398634,0.493845
1689277652,200,200,0.369697,0.488980
1689278343,200,200,0.342095,0.425365
1689279740,200,200,0.554445,0.331531
1689280457,200,200,0.391726,0.396877
1689281143,200,200,0.401947,0.459167
1689281821,200,200,0.464995,0.528645
1689283051,200,200,0.271244,0.318789
1689283727,200,200,0.314618,0.229867
1689284409,200,200,0.500226,0.625401
1689285088,200,200,0.286785,0.546291
1689286149,200,200,0.431991,0.486780
1689287349,200,200,0.498584,0.628721
1689288024,200,200,0.306828,0.359558
1689288704,200,200,0.483540,0.604012
1689289821,200,200,0.399664,0.731893
1689290758,200,200,0.261916,0.501267
1689291471,200,200,0.155502,0.341452
1689292149,200,200,0.378543,0.429556
1689294875,200,200,0.349177,0.522197
1689301173,200,200,0.323493,0.258313
1689304066,200,200,0.276711,0.546731
1689305637,200,200,0.545392,0.651449
1689306361,200,200,0.252337,0.387158
1689307061,200,200,0.530046,0.615014
1689308682,200,200,0.299414,0.442118
1689309573,200,200,0.372843,0.430329
1689310254,200,200,0.252993,0.220455
1689311325,200,200,0.528787,0.850151
1689312492,200,200,0.389916,0.556454
1689313174,200,200,0.349525,0.702618
1689313852,200,200,0.279446,0.435558
1689315105,200,200,0.367811,0.515296
1689316398,502,502,0.255098,0.122253
1689317119,200,200,0.522351,0.610592
1689317811,200,200,0.364302,0.526104
1689319085,200,200,0.311489,0.556647
1689319769,200,200,0.334864,0.392105
1689320466,200,200,0.280436,0.372447
1689321146,200,200,0.269706,0.296087
1689322454,200,200,0.313356,0.445232
1689323542,200,200,0.407748,0.619895
1689324224,200,200,0.534082,0.614230
1689324905,200,200,0.545466,0.635941
1689326160,200,200,0.318551,0.404929
1689326858,200,200,0.395499,0.535648
1689327534,200,200,0.253066,0.229609
1689328211,200,200,0.282187,0.413008
1689329276,200,200,0.563243,0.766651
1689330640,200,200,0.376338,0.412483
1689331324,200,200,0.292496,0.423838
1689332005,200,200,0.283106,0.234885
1689333059,200,200,0.375591,0.655642
1689333786,200,200,0.552949,0.642366
1689334494,200,200,0.287058,0.219864
1689335190,200,200,0.566616,0.655914
1689335866,200,200,0.400949,0.630099
1689338529,200,200,0.323747,0.416092
1689340197,200,200,0.306707,0.413961
1689341430,200,200,0.392184,0.430899
1689342117,200,200,0.426220,0.557558
1689342800,200,200,0.574654,0.618122
1689343900,200,200,0.273862,0.384237
1689344965,200,200,0.318030,0.500335
1689345639,200,200,0.157376,0.243570
1689346319,200,200,0.316501,0.444154
1689347443,200,200,0.305087,0.358715
1689348434,200,200,0.277333,0.408547
1689349128,200,200,0.360550,0.472886
1689349816,200,200,0.152979,0.368190
1689350949,200,200,0.353747,0.381272
1689352359,200,200,0.427870,0.526533
1689353141,200,200,0.400041,0.626255
1689353822,200,200,0.482467,0.538679
1689355019,200,200,0.322364,0.257801
1689355784,200,200,0.403594,0.643223
1689356461,200,200,0.554191,0.668902
1689357145,200,200,0.297915,0.323986
1689358415,200,200,0.300054,0.482777
1689359523,200,200,0.299979,0.455446
1689360210,200,200,0.405773,0.423990
1689360897,200,200,0.511002,0.630139
1689361957,200,200,0.255088,0.233095
1689362638,200,200,0.288803,0.816024
1689363329,200,200,0.392200,0.524512
1689364011,200,200,0.314132,0.624990
1689364690,200,200,0.296454,0.491903
1689366083,200,200,0.266648,0.430486
1689366810,200,200,0.150582,0.351844
1689367488,200,200,0.330894,0.542215
1689368170,200,200,0.401061,0.508477
1689369331,200,200,0.288006,0.301335
1689370018,200,200,0.361605,0.677312
1689370696,200,200,0.295255,0.226744
1689371373,200,200,0.389663,0.427540
1689372234,200,200,0.404721,0.435127
1689373548,200,200,0.546593,0.773410
1689374300,200,200,0.438160,0.447000
1689374983,200,200,0.384110,0.514815
1689375932,200,200,0.556076,0.640837
1689376986,200,200,0.412213,0.500211
1689377720,200,200,0.277137,0.284744
1689378411,200,200,0.299290,0.601821
1689379098,200,200,0.234688,0.220493
1689386452,502,502,0.494648,0.492120
1689390384,200,200,0.299630,0.411666
1689392064,200,200,0.425572,0.744991
1689392786,200,200,0.462813,0.524760
1689393470,200,200,0.368771,0.480054
1689395044,200,200,0.354622,0.498275
1689395883,200,200,0.268932,0.446605
1689396568,200,200,0.276058,0.447929
1689397445,200,200,0.308929,0.338682
1689398794,200,200,0.284730,0.363445
1689399513,200,200,0.514798,0.751027
1689400200,200,200,3.572155,5.787914
1689401286,200,200,0.275272,0.629268
1689402600,502,502,0.245530,0.348600
1689403334,200,200,0.396589,0.572116
1689404013,200,200,0.412531,0.752707
1689405120,200,200,0.357998,0.456500
1689405820,200,200,0.469984,0.835735
1689406511,200,200,0.536895,0.732251
1689407203,200,200,0.410329,0.618284
1689407888,200,200,0.351834,0.346069
1689409458,200,200,0.394376,0.451471
1689410245,200,200,0.392048,0.490600
1689410936,200,200,0.408005,0.529859
1689411613,502,502,0.149527,0.147708
1689412772,200,200,0.432287,0.616995
1689413466,200,200,0.366158,0.564822
1689414148,200,200,0.318497,0.573898
1689414834,200,200,0.221025,0.398957
1689416037,200,200,0.354320,0.892454
1689417110,200,200,0.330336,0.568660
1689417787,200,200,0.371116,0.264036
1689418482,200,200,0.553038,0.683223
1689419515,200,200,0.356071,0.734252
1689420195,200,200,0.382756,0.504328
1689420894,200,200,0.416685,0.779093
1689421582,200,200,0.394323,0.651302
1689422259,200,200,0.324114,0.305775
1689424673,200,200,0.409648,0.680090
1689426054,502,502,0.382602,0.242663
1689427522,200,200,0.492902,0.694065
1689428202,200,200,0.540980,0.799357
1689428880,200,200,0.329407,0.454047
1689429557,200,200,0.348614,0.308313
1689430762,200,200,0.417268,0.706617
1689431456,200,200,0.460575,0.587935
1689432139,200,200,0.282803,0.468980
1689432820,200,200,0.479721,0.650961
1689433963,200,200,0.429907,0.562655
1689434800,200,200,0.328575,0.509203
1689435482,200,200,0.325830,0.546726
1689436158,200,200,0.268188,0.388693
1689437063,200,200,0.510005,0.671128
1689438557,200,200,0.346848,0.734953
1689439416,200,200,0.561657,0.678681
1689440089,200,200,0.344129,0.436249
1689441191,200,200,0.690231,0.848309
1689442060,200,200,0.425177,0.491360
1689442751,200,200,0.361656,0.403623
1689443434,200,200,0.405759,0.781660
1689444548,200,200,0.322522,0.296899
1689445732,200,200,0.506727,0.986219
1689446421,200,200,0.322418,0.521841
1689447111,200,200,0.442604,0.726666
1689448055,200,200,0.394730,0.433731
1689448740,200,200,0.305081,0.806289
1689449421,200,200,0.302350,1.599059
1689450107,200,200,0.313548,0.335074
1689450796,200,200,0.450222,0.342556
1689451945,502,502,0.332688,0.340424
1689452766,502,502,0.255981,0.348478
1689453470,200,200,0.549045,0.672973
1689454163,200,200,0.494072,0.711830
1689454923,502,502,0.156599,0.238748
1689455908,200,200,0.315124,0.279239
1689456590,200,200,0.373423,0.520492
1689457277,200,200,0.516827,0.707154
1689457968,200,200,0.322705,0.514972
1689459031,200,200,0.293293,0.397773
1689460111,200,200,0.543761,0.676187
1689460794,502,502,0.257791,0.282674
1689461475,200,200,0.300884,0.492025
1689462507,200,200,0.515908,0.672419
1689463423,200,200,0.400734,0.641145
1689464157,200,200,0.294927,0.483197
1689464842,200,200,0.313101,0.472969
1689465529,200,200,0.437279,0.430024
1689473844,200,200,0.401119,0.363662
1689477262,200,200,0.409128,0.640511
1689478775,504,200,10.292001,6.532078
1689479452,200,200,0.406728,0.588180
1689480581,200,502,0.309840,0.108103
1689481778,200,400,0.503712,0.304168
1689482465,200,400,0.519431,1.942868
1689483146,200,200,0.523036,0.770009
1689484232,200,200,2.164650,1.890795
1689485299,200,200,4.824767,7.027414
1689485991,504,500,10.556740,16.097548
1689486663,504,502,10.783042,0.640907
1689487867,400,500,15.349822,1.495225
1689489074,500,200,9.307439,6.699321
1689489754,502,502,0.246720,0.330923
1689490432,404,200,0.386222,0.685616
1689491524,200,200,0.709405,0.748801
1689492229,200,200,2.047481,3.823720
1689492902,200,200,0.548829,0.791744
1689493582,200,200,0.460614,0.726836
1689494261,200,200,0.164950,0.326049
1689495825,200,200,0.385304,0.666961
1689496590,200,200,0.281915,0.331784
1689497293,200,200,0.357897,0.584974
1689497968,200,200,0.374981,0.553035
1689499135,200,200,0.359642,0.486446
1689499818,200,200,0.286815,0.433623
1689500497,200,200,0.381171,0.464249
1689501176,200,200,0.480392,0.555482
1689502342,200,200,0.506731,0.660182
1689503470,200,200,0.177170,0.265957
1689504163,200,200,0.553539,0.821175
1689504835,200,200,0.323632,0.513557
1689505842,200,200,0.322678,0.480997
1689506522,200,200,0.405613,0.486343
1689507222,200,200,0.344435,0.322180
1689507901,200,200,0.278441,0.409474
1689508576,200,200,0.318555,0.375813
1689510893,200,200,0.434571,0.621323
1689512347,200,200,0.469827,0.480316
1689513876,200,200,0.414856,0.502007
1689514557,200,200,0.394865,0.669603
1689515235,200,200,0.436061,0.652857
1689515908,200,200,0.283544,0.454928
1689517118,200,200,0.365743,0.835679
1689517814,200,200,0.321131,0.512737
1689518493,200,200,0.277246,0.525515
1689519170,200,200,0.366818,0.532858
1689520272,200,200,0.299882,0.456926
1689521144,200,200,0.399766,0.458337
1689521838,200,200,0.386051,0.622998
1689522523,200,200,0.560223,0.742776
1689523198,200,200,0.374982,0.526583
1689524815,200,200,0.353113,0.574046
1689525767,200,200,0.396455,0.539393
1689526465,200,200,4.497005,14.412412
1689527513,200,200,0.547355,0.731399
1689528462,200,200,0.316003,0.423012
1689529149,200,200,0.266939,0.536932
1689529838,200,200,0.300194,0.753590
1689530942,200,200,0.378150,0.405075
1689532142,200,200,0.464285,0.776346
1689532850,200,200,0.325036,0.392243
1689533529,200,200,0.470439,0.747678
1689534495,200,200,0.345405,0.413999
1689535175,200,200,0.313586,0.646131
1689535876,200,200,0.506515,0.658628
1689536564,200,200,0.367722,0.685402
1689537243,200,200,0.342033,0.886400
1689538448,200,200,0.147346,0.252334
1689539232,200,200,0.759970,0.660755
1689539920,200,200,0.351553,0.302548
1689540606,200,200,0.529032,0.978090
1689541525,200,200,0.306151,0.224654
1689542427,200,200,0.269466,0.676967
1689543135,502,500,0.244072,0.198961
1689543817,502,500,0.287399,0.278091
1689544506,502,500,0.237595,0.264453
1689545676,200,200,0.511962,0.804953
1689546633,200,200,0.355831,0.387320
1689547325,502,500,0.284090,0.218210
1689548008,502,500,0.392595,0.235854
1689549148,200,200,0.419139,0.498154
1689549959,200,200,0.504312,0.809937
1689550668,200,200,0.491579,0.596607
1689551360,200,200,0.263045,0.423525
1689554300,200,200,0.253487,0.280355
1689560663,200,200,0.337516,0.423822
1689563608,200,200,0.556031,0.822910
1689565063,200,200,0.154835,0.414152
1689565741,200,200,0.339794,0.268949
1689566434,502,502,0.265613,0.236335
1689567993,200,200,0.407051,0.826645
1689568887,200,200,0.482376,0.644433
1689569566,200,200,0.443960,0.526031
1689570712,200,200,0.365120,0.549465
1689571782,200,200,0.408144,0.582824
1689572461,200,200,0.424155,0.522526
1689573143,200,200,0.337219,0.438102
1689574547,200,200,0.716034,0.823805
1689575764,502,502,0.355155,0.269652
1689576445,200,200,0.158440,0.328412
1689577131,200,200,0.915723,1.439338
1689578376,200,200,0.266782,0.535280
1689579129,200,200,0.608068,0.616084
1689579777,502,500,0.318031,0.328545
1689580462,502,500,0.126127,0.280491
1689582002,200,200,0.443353,1.317319
1689583029,200,200,0.403906,0.459627
1689583721,200,200,0.324203,0.298246
1689584405,502,502,0.313922,0.307956
1689585731,200,200,0.421134,0.714390
1689586465,200,200,0.492419,0.609111
1689587144,200,200,0.323380,0.473740
1689587826,200,200,0.492772,0.593724
1689589373,200,200,0.351120,0.436036
1689590336,200,200,0.329238,0.410101
1689591015,200,200,0.393595,0.643779
1689591973,200,200,0.520166,0.435869
1689592870,200,200,0.531105,1.300919
1689593576,200,200,0.303710,0.647991
1689594261,200,200,0.625779,0.576695
1689594946,200,200,0.236512,0.259488
1689597530,200,200,0.423306,0.939324
1689599426,200,200,0.510128,0.733778
1689600806,200,200,0.406649,0.945732
1689601495,200,200,0.424096,0.664823
1689602176,200,200,0.398014,0.715120
1689603478,200,200,0.483175,0.577880
1689604391,200,200,0.388353,0.439784
1689605081,200,200,0.414501,0.498100
1689605758,200,200,0.409771,0.247091
1689607180,200,200,0.394216,0.649084
1689607921,200,200,0.292688,0.538669
1689608609,200,200,0.427455,0.657112
1689609301,200,200,0.297270,1.462523
1689610921,200,200,0.378270,0.568140
1689612115,200,200,0.328093,0.291079
1689612795,200,200,0.135201,0.400253
1689613902,200,200,1.134322,0.761766
1689614943,200,200,0.495982,0.816625
1689615616,200,200,0.288054,0.375469
1689616306,200,200,0.323298,0.432056
1689617596,200,200,0.388702,0.339590
1689618710,200,200,0.343952,0.439983
1689619407,200,200,0.144778,0.257529
1689620090,200,200,0.526654,0.678393
1689621143,200,200,0.320533,0.292125
1689621830,200,200,0.310536,0.554199
1689622529,200,200,0.392131,0.602996
1689623217,200,200,0.650884,0.689585
1689623896,200,200,0.545929,0.663302
1689625311,200,200,0.400852,0.472484
1689626021,200,200,0.408933,0.593933
1689626698,200,200,0.548232,0.812829
1689627387,200,200,0.279486,0.266876
1689628557,200,200,0.545081,0.855502
1689629238,200,200,0.378799,0.564070
1689629927,200,200,0.353064,0.315353
1689630606,200,200,0.369288,0.581836
1689631582,200,200,0.315773,0.609444
1689632754,200,200,0.281131,0.532254
1689633434,200,200,0.317631,0.654965
1689634115,200,200,0.138306,0.336200
1689634792,200,200,0.317968,0.278261
1689635986,200,200,0.344904,0.688565
1689636692,200,200,0.354820,0.738815
1689637372,200,200,0.543041,0.665903
1689638051,200,200,0.450193,0.688402
1689644848,200,200,0.133736,0.415615
1689648779,200,200,0.143809,0.376965
1689650470,200,200,0.294595,0.488123
1689651390,200,200,0.408056,0.539381
1689652076,200,200,0.325269,0.415637
1689652763,200,200,0.433573,0.444326
1689654225,200,200,0.370378,0.553271
1689654987,200,200,0.479297,0.548398
1689655675,200,200,0.378038,0.469666
1689656361,200,200,0.558255,1.018180
1689657635,200,200,0.326057,0.678446
1689658333,200,200,0.406016,0.432735
1689659016,200,200,0.300124,0.595247
1689659695,200,200,0.410014,0.592930
1689661187,200,200,0.417223,0.511094
1689662085,502,502,0.346436,0.244753
1689662767,200,200,0.398075,0.696060
1689663453,200,200,0.290549,0.435410
1689664682,200,200,0.593271,0.532734
1689665364,200,200,0.388848,0.259495
1689666055,200,200,0.553486,0.758341
1689666735,200,200,0.401957,0.470752
1689668026,200,200,0.352969,0.548720
1689669081,200,200,0.318526,0.515609
1689669758,200,200,0.141329,0.484083
1689670445,200,200,0.320844,0.458832
1689671619,200,200,0.374307,0.646192
1689672381,200,200,0.402133,0.571105
1689673066,200,200,0.291901,0.583749
1689673746,200,200,0.319298,0.416991
1689674497,200,200,0.530135,0.652350
1689675946,200,200,0.328896,0.696325
1689676709,200,200,0.353345,0.475783
1689677387,200,200,0.392580,0.523400
1689678225,200,200,0.307435,0.526634
1689679112,200,200,0.547960,0.687403
1689679788,200,200,0.272952,0.429545
1689680469,200,200,0.546697,0.830255
1689681145,200,200,0.330209,0.263140
1689682921,200,200,0.412902,0.711695
1689684822,200,200,0.477465,1.624880
1689686362,200,200,0.419002,0.605489
1689687138,200,200,0.261672,0.560148
1689687817,200,200,0.709611,0.829114
1689688494,200,200,0.219794,0.633347
1689689657,200,200,0.319146,0.462803
1689690629,200,200,0.297775,0.496161
1689691317,200,200,0.373277,0.618098
1689691999,200,200,0.423319,0.569341
1689693158,200,200,0.387188,0.623065
1689694056,200,200,0.356438,0.258343
1689694739,200,200,0.315238,0.808664
1689695418,200,200,0.366486,0.396796
1689696547,000,000,0.145054,0.250222
1689698050,200,200,0.437893,0.523221
1689698784,200,200,0.280629,0.229909
1689699482,200,200,0.577576,0.975886
1689700687,200,200,0.289502,0.551767
1689701388,200,200,0.500764,0.713046
1689702064,200,200,0.191879,0.311768
1689702741,200,200,0.270557,0.398832
1689704024,200,200,0.514904,0.676675
1689705097,200,200,0.245773,0.387522
1689705777,200,200,0.549963,0.765873
1689706456,200,200,0.382159,0.459048
1689707469,200,200,0.481316,0.748027
1689708148,200,200,0.401861,0.526267
1689708852,200,200,0.419434,0.645424
1689709536,200,200,0.504792,0.680287
1689710218,200,200,0.242360,0.436158
1689711606,200,200,0.323090,0.272781
1689712305,200,200,0.412603,0.676642
1689712987,200,200,0.358847,0.457554
1689713673,200,200,0.317020,0.463312
1689714697,200,200,0.421721,0.655756
1689715372,200,200,0.423569,0.578025
1689716069,200,200,0.328763,0.248320
1689716759,200,200,0.391081,0.646282
1689717447,200,200,0.355503,0.689118
1689718679,200,200,0.137852,0.215639
1689719372,200,200,0.603644,1.103103
1689720049,502,500,0.275897,0.314397
1689720739,502,502,0.261240,0.237846
1689721792,502,502,0.271968,0.092139
1689722555,502,502,0.300709,0.243373
1689723256,200,200,0.125575,1.187163
1689723943,200,200,0.266450,0.322518
1689724623,200,200,0.406265,0.630894
1689735491,200,200,0.408181,0.471046
1689739020,200,200,0.153014,0.248531
1689740726,200,200,0.504041,0.620558
1689741563,200,200,0.497094,0.775516
1689742251,200,200,0.340149,0.523826
1689743254,200,200,0.312371,0.352378
1689744294,200,200,0.293833,0.201903
1689744980,200,200,0.291899,0.374890
1689745658,200,200,0.318108,0.272874
1689746338,200,200,0.293713,5.830646
1689747871,200,200,0.278911,0.531888
1689748632,502,502,0.260684,0.209747
1689749329,200,200,0.381780,0.522366
1689750007,200,200,0.289037,0.412850
1689751066,200,200,0.389004,0.578922
1689751746,200,200,0.484848,1.861754
1689752427,200,200,0.220780,0.383511
1689753123,200,200,0.502327,0.767229
1689754355,200,200,1.134159,2.855512
1689755315,200,200,0.257644,0.213569
1689755997,200,200,0.309201,0.446462
1689756678,200,200,0.505534,0.647938
1689757729,200,500,0.942827,11.243745
1689758583,200,200,0.241536,0.390990
1689759290,200,200,0.257685,0.211202
1689759969,200,200,0.317673,0.417874
1689760665,200,200,0.984879,3.049719
1689762039,200,200,2.462476,8.620831
